Date,Price_JOD
2020-05-01,34.61
2020-05-02,34.61794520547945
2020-05-03,34.6258904109589
2020-05-04,34.633835616438354
2020-05-05,34.641780821917806
2020-05-06,34.64972602739726
2020-05-07,34.65767123287671
2020-05-08,34.66561643835616
2020-05-09,34.67356164383562
2020-05-10,34.68150684931507
2020-05-11,34.68945205479452
2020-05-12,34.69739726027397
2020-05-13,34.705342465753425
2020-05-14,34.71328767123288
2020-05-15,34.72123287671233
2020-05-16,34.72917808219178
2020-05-17,34.73712328767123
2020-05-18,34.74506849315068
2020-05-19,34.753013698630134
2020-05-20,34.760958904109586
2020-05-21,34.76890410958904
2020-05-22,34.77684931506849
2020-05-23,34.78479452054795
2020-05-24,34.7927397260274
2020-05-25,34.80068493150685
2020-05-26,34.8086301369863
2020-05-27,34.816575342465754
2020-05-28,34.824520547945205
2020-05-29,34.83246575342466
2020-05-30,34.84041095890411
2020-05-31,34.84835616438356
2020-06-01,34.85630136986301
2020-06-02,34.86424657534246
2020-06-03,34.872191780821915
2020-06-04,34.880136986301366
2020-06-05,34.88808219178082
2020-06-06,34.896027397260276
2020-06-07,34.90397260273973
2020-06-08,34.91191780821918
2020-06-09,34.91986301369863
2020-06-10,34.92780821917808
2020-06-11,34.935753424657534
2020-06-12,34.943698630136986
2020-06-13,34.95164383561644
2020-06-14,34.95958904109589
2020-06-15,34.96753424657534
2020-06-16,34.97547945205479
2020-06-17,34.98342465753424
2020-06-18,34.991369863013695
2020-06-19,34.999315068493146
2020-06-20,35.007260273972605
2020-06-21,35.01520547945206
2020-06-22,35.02315068493151
2020-06-23,35.03109589041096
2020-06-24,35.03904109589041
2020-06-25,35.04698630136986
2020-06-26,35.054931506849314
2020-06-27,35.062876712328766
2020-06-28,35.07082191780822
2020-06-29,35.07876712328767
2020-06-30,35.08671232876712
2020-07-01,35.09465753424657
2020-07-02,35.102602739726024
2020-07-03,35.110547945205475
2020-07-04,35.118493150684934
2020-07-05,35.126438356164385
2020-07-06,35.13438356164384
2020-07-07,35.14232876712329
2020-07-08,35.15027397260274
2020-07-09,35.15821917808219
2020-07-10,35.16616438356164
2020-07-11,35.174109589041095
2020-07-12,35.182054794520546
2020-07-13,35.19
2020-07-14,35.19794520547945
2020-07-15,35.2058904109589
2020-07-16,35.21383561643835
2020-07-17,35.221780821917804
2020-07-18,35.22972602739726
2020-07-19,35.237671232876714
2020-07-20,35.245616438356166
2020-07-21,35.25356164383562
2020-07-22,35.26150684931507
2020-07-23,35.26945205479452
2020-07-24,35.27739726027397
2020-07-25,35.28534246575342
2020-07-26,35.293287671232875
2020-07-27,35.30123287671233
2020-07-28,35.30917808219178
2020-07-29,35.31712328767123
2020-07-30,35.32506849315068
2020-07-31,35.33301369863013
2020-08-01,35.34095890410959
2020-08-02,35.34890410958904
2020-08-03,35.356849315068494
2020-08-04,35.364794520547946
2020-08-05,35.3727397260274
2020-08-06,35.38068493150685
2020-08-07,35.3886301369863
2020-08-08,35.39657534246575
2020-08-09,35.404520547945204
2020-08-10,35.412465753424655
2020-08-11,35.42041095890411
2020-08-12,35.42835616438356
2020-08-13,35.43630136986301
2020-08-14,35.44424657534246
2020-08-15,35.45219178082192
2020-08-16,35.46013698630137
2020-08-17,35.46808219178082
2020-08-18,35.476027397260275
2020-08-19,35.483972602739726
2020-08-20,35.49191780821918
2020-08-21,35.49986301369863
2020-08-22,35.50780821917808
2020-08-23,35.51575342465753
2020-08-24,35.523698630136984
2020-08-25,35.531643835616435
2020-08-26,35.53958904109589
2020-08-27,35.54753424657534
2020-08-28,35.55547945205479
2020-08-29,35.56342465753425
2020-08-30,35.5713698630137
2020-08-31,35.57931506849315
2020-09-01,35.5872602739726
2020-09-02,35.595205479452055
2020-09-03,35.60315068493151
2020-09-04,35.61109589041096
2020-09-05,35.61904109589041
2020-09-06,35.62698630136986
2020-09-07,35.63493150684931
2020-09-08,35.642876712328764
2020-09-09,35.650821917808216
2020-09-10,35.65876712328767
2020-09-11,35.66671232876712
2020-09-12,35.67465753424658
2020-09-13,35.68260273972603
2020-09-14,35.69054794520548
2020-09-15,35.69849315068493
2020-09-16,35.706438356164384
2020-09-17,35.714383561643835
2020-09-18,35.72232876712329
2020-09-19,35.73027397260274
2020-09-20,35.73821917808219
2020-09-21,35.74616438356164
2020-09-22,35.75410958904109
2020-09-23,35.762054794520544
2020-09-24,35.769999999999996
2020-09-25,35.77794520547945
2020-09-26,35.785890410958906
2020-09-27,35.79383561643836
2020-09-28,35.80178082191781
2020-09-29,35.80972602739726
2020-09-30,35.81767123287671
2020-10-01,35.825616438356164
2020-10-02,35.833561643835615
2020-10-03,35.84150684931507
2020-10-04,35.84945205479452
2020-10-05,35.85739726027397
2020-10-06,35.86534246575342
2020-10-07,35.87328767123287
2020-10-08,35.881232876712325
2020-10-09,35.889178082191776
2020-10-10,35.897123287671235
2020-10-11,35.90506849315069
2020-10-12,35.91301369863014
2020-10-13,35.92095890410959
2020-10-14,35.92890410958904
2020-10-15,35.93684931506849
2020-10-16,35.944794520547944
2020-10-17,35.952739726027396
2020-10-18,35.96068493150685
2020-10-19,35.9686301369863
2020-10-20,35.97657534246575
2020-10-21,35.9845205479452
2020-10-22,35.99246575342465
2020-10-23,36.000410958904105
2020-10-24,36.008356164383564
2020-10-25,36.016301369863015
2020-10-26,36.02424657534247
2020-10-27,36.03219178082192
2020-10-28,36.04013698630137
2020-10-29,36.04808219178082
2020-10-30,36.05602739726027
2020-10-31,36.063972602739724
2020-11-01,36.071917808219176
2020-11-02,36.07986301369863
2020-11-03,36.08780821917808
2020-11-04,36.09575342465753
2020-11-05,36.10369863013698
2020-11-06,36.111643835616434
2020-11-07,36.11958904109589
2020-11-08,36.127534246575344
2020-11-09,36.135479452054796
2020-11-10,36.14342465753425
2020-11-11,36.1513698630137
2020-11-12,36.15931506849315
2020-11-13,36.1672602739726
2020-11-14,36.17520547945205
2020-11-15,36.183150684931505
2020-11-16,36.191095890410956
2020-11-17,36.19904109589041
2020-11-18,36.20698630136986
2020-11-19,36.21493150684931
2020-11-20,36.22287671232876
2020-11-21,36.23082191780822
2020-11-22,36.23876712328767
2020-11-23,36.246712328767124
2020-11-24,36.254657534246576
2020-11-25,36.26260273972603
2020-11-26,36.27054794520548
2020-11-27,36.27849315068493
2020-11-28,36.28643835616438
2020-11-29,36.29438356164383
2020-11-30,36.302328767123285
2020-12-01,36.31027397260274
2020-12-02,36.31821917808219
2020-12-03,36.32616438356164
2020-12-04,36.33410958904109
2020-12-05,36.34205479452055
2020-12-06,36.35
2020-12-07,36.35794520547945
2020-12-08,36.365890410958905
2020-12-09,36.373835616438356
2020-12-10,36.38178082191781
2020-12-11,36.38972602739726
2020-12-12,36.39767123287671
2020-12-13,36.40561643835616
2020-12-14,36.413561643835614
2020-12-15,36.421506849315065
2020-12-16,36.42945205479452
2020-12-17,36.43739726027397
2020-12-18,36.44534246575342
2020-12-19,36.45328767123288
2020-12-20,36.46123287671233
2020-12-21,36.46917808219178
2020-12-22,36.47712328767123
2020-12-23,36.485068493150685
2020-12-24,36.493013698630136
2020-12-25,36.50095890410959
2020-12-26,36.50890410958904
2020-12-27,36.51684931506849
2020-12-28,36.52479452054794
2020-12-29,36.532739726027394
2020-12-30,36.540684931506846
2020-12-31,36.5486301369863
2021-01-01,36.55657534246575
2021-01-02,36.56452054794521
2021-01-03,36.57246575342466
2021-01-04,36.58041095890411
2021-01-05,36.58835616438356
2021-01-06,36.59630136986301
2021-01-07,36.604246575342465
2021-01-08,36.61219178082192
2021-01-09,36.62013698630137
2021-01-10,36.62808219178082
2021-01-11,36.63602739726027
2021-01-12,36.64397260273972
2021-01-13,36.651917808219174
2021-01-14,36.659863013698626
2021-01-15,36.66780821917808
2021-01-16,36.67575342465753
2021-01-17,36.68369863013699
2021-01-18,36.69164383561644
2021-01-19,36.69958904109589
2021-01-20,36.70753424657534
2021-01-21,36.715479452054794
2021-01-22,36.723424657534245
2021-01-23,36.7313698630137
2021-01-24,36.73931506849315
2021-01-25,36.7472602739726
2021-01-26,36.75520547945205
2021-01-27,36.7631506849315
2021-01-28,36.771095890410955
2021-01-29,36.779041095890406
2021-01-30,36.786986301369865
2021-01-31,36.794931506849316
2021-02-01,36.80287671232877
2021-02-02,36.81082191780822
2021-02-03,36.81876712328767
2021-02-04,36.82671232876712
2021-02-05,36.834657534246574
2021-02-06,36.842602739726026
2021-02-07,36.85054794520548
2021-02-08,36.85849315068493
2021-02-09,36.86643835616438
2021-02-10,36.87438356164383
2021-02-11,36.88232876712328
2021-02-12,36.890273972602735
2021-02-13,36.898219178082186
2021-02-14,36.906164383561645
2021-02-15,36.9141095890411
2021-02-16,36.92205479452055
2021-02-17,36.93
2021-02-18,36.93794520547945
2021-02-19,36.9458904109589
2021-02-20,36.953835616438354
2021-02-21,36.961780821917806
2021-02-22,36.96972602739726
2021-02-23,36.97767123287671
2021-02-24,36.98561643835616
2021-02-25,36.99356164383561
2021-02-26,37.001506849315064
2021-02-27,37.00945205479452
2021-02-28,37.017397260273974
2021-03-01,37.025342465753425
2021-03-02,37.03328767123288
2021-03-03,37.04123287671233
2021-03-04,37.04917808219178
2021-03-05,37.05712328767123
2021-03-06,37.06506849315068
2021-03-07,37.073013698630135
2021-03-08,37.080958904109586
2021-03-09,37.08890410958904
2021-03-10,37.09684931506849
2021-03-11,37.10479452054794
2021-03-12,37.11273972602739
2021-03-13,37.120684931506844
2021-03-14,37.1286301369863
2021-03-15,37.136575342465754
2021-03-16,37.144520547945206
2021-03-17,37.15246575342466
2021-03-18,37.16041095890411
2021-03-19,37.16835616438356
2021-03-20,37.17630136986301
2021-03-21,37.18424657534246
2021-03-22,37.192191780821915
2021-03-23,37.20013698630137
2021-03-24,37.20808219178082
2021-03-25,37.21602739726027
2021-03-26,37.22397260273972
2021-03-27,37.23191780821918
2021-03-28,37.23986301369863
2021-03-29,37.24780821917808
2021-03-30,37.255753424657534
2021-03-31,37.263698630136986
2021-04-01,37.27164383561644
2021-04-02,37.27958904109589
2021-04-03,37.28753424657534
2021-04-04,37.29547945205479
2021-04-05,37.303424657534244
2021-04-06,37.311369863013695
2021-04-07,37.31931506849315
2021-04-08,37.3272602739726
2021-04-09,37.33520547945205
2021-04-10,37.3431506849315
2021-04-11,37.35109589041096
2021-04-12,37.35904109589041
2021-04-13,37.36698630136986
2021-04-14,37.374931506849315
2021-04-15,37.382876712328766
2021-04-16,37.39082191780822
2021-04-17,37.39876712328767
2021-04-18,37.40671232876712
2021-04-19,37.41465753424657
2021-04-20,37.422602739726024
2021-04-21,37.430547945205475
2021-04-22,37.43849315068493
2021-04-23,37.44643835616438
2021-04-24,37.45438356164384
2021-04-25,37.46232876712329
2021-04-26,37.47027397260274
2021-04-27,37.47821917808219
2021-04-28,37.48616438356164
2021-04-29,37.494109589041095
2021-04-30,37.50205479452055
2021-05-01,37.51
2021-05-02,37.508136986301366
2021-05-03,37.506273972602735
2021-05-04,37.50441095890411
2021-05-05,37.50254794520548
2021-05-06,37.50068493150685
2021-05-07,37.498821917808215
2021-05-08,37.49695890410959
2021-05-09,37.49509589041096
2021-05-10,37.49323287671233
2021-05-11,37.491369863013695
2021-05-12,37.48950684931506
2021-05-13,37.48764383561644
2021-05-14,37.48578082191781
2021-05-15,37.483917808219175
2021-05-16,37.48205479452054
2021-05-17,37.48019178082192
2021-05-18,37.47832876712329
2021-05-19,37.476465753424655
2021-05-20,37.47460273972602
2021-05-21,37.47273972602739
2021-05-22,37.47087671232877
2021-05-23,37.469013698630135
2021-05-24,37.467150684931504
2021-05-25,37.46528767123287
2021-05-26,37.46342465753425
2021-05-27,37.461561643835616
2021-05-28,37.459698630136984
2021-05-29,37.45783561643835
2021-05-30,37.45597260273973
2021-05-31,37.454109589041096
2021-06-01,37.452246575342464
2021-06-02,37.45038356164383
2021-06-03,37.4485205479452
2021-06-04,37.446657534246576
2021-06-05,37.444794520547944
2021-06-06,37.44293150684931
2021-06-07,37.44106849315068
2021-06-08,37.439205479452056
2021-06-09,37.437342465753424
2021-06-10,37.43547945205479
2021-06-11,37.43361643835616
2021-06-12,37.43175342465753
2021-06-13,37.429890410958905
2021-06-14,37.42802739726027
2021-06-15,37.42616438356164
2021-06-16,37.42430136986301
2021-06-17,37.422438356164385
2021-06-18,37.42057534246575
2021-06-19,37.41871232876712
2021-06-20,37.41684931506849
2021-06-21,37.41498630136986
2021-06-22,37.41312328767123
2021-06-23,37.4112602739726
2021-06-24,37.40939726027397
2021-06-25,37.40753424657534
2021-06-26,37.40567123287671
2021-06-27,37.40380821917808
2021-06-28,37.40194520547945
2021-06-29,37.40008219178082
2021-06-30,37.398219178082186
2021-07-01,37.39635616438356
2021-07-02,37.39449315068493
2021-07-03,37.3926301369863
2021-07-04,37.39076712328767
2021-07-05,37.38890410958904
2021-07-06,37.38704109589041
2021-07-07,37.38517808219178
2021-07-08,37.38331506849315
2021-07-09,37.38145205479452
2021-07-10,37.37958904109589
2021-07-11,37.37772602739726
2021-07-12,37.37586301369863
2021-07-13,37.373999999999995
2021-07-14,37.37213698630137
2021-07-15,37.37027397260274
2021-07-16,37.36841095890411
2021-07-17,37.366547945205475
2021-07-18,37.36468493150685
2021-07-19,37.36282191780822
2021-07-20,37.36095890410959
2021-07-21,37.359095890410956
2021-07-22,37.357232876712324
2021-07-23,37.3553698630137
2021-07-24,37.35350684931507
2021-07-25,37.351643835616436
2021-07-26,37.349780821917804
2021-07-27,37.34791780821918
2021-07-28,37.34605479452055
2021-07-29,37.344191780821916
2021-07-30,37.342328767123284
2021-07-31,37.34046575342465
2021-08-01,37.33860273972603
2021-08-02,37.336739726027396
2021-08-03,37.334876712328764
2021-08-04,37.33301369863013
2021-08-05,37.33115068493151
2021-08-06,37.329287671232876
2021-08-07,37.327424657534245
2021-08-08,37.32556164383561
2021-08-09,37.32369863013698
2021-08-10,37.32183561643836
2021-08-11,37.319972602739725
2021-08-12,37.31810958904109
2021-08-13,37.31624657534246
2021-08-14,37.31438356164384
2021-08-15,37.312520547945205
2021-08-16,37.31065753424657
2021-08-17,37.30879452054794
2021-08-18,37.30693150684931
2021-08-19,37.305068493150685
2021-08-20,37.30320547945205
2021-08-21,37.30134246575342
2021-08-22,37.29947945205479
2021-08-23,37.297616438356165
2021-08-24,37.29575342465753
2021-08-25,37.2938904109589
2021-08-26,37.29202739726027
2021-08-27,37.290164383561645
2021-08-28,37.288301369863014
2021-08-29,37.28643835616438
2021-08-30,37.28457534246575
2021-08-31,37.28271232876712
2021-09-01,37.280849315068494
2021-09-02,37.27898630136986
2021-09-03,37.27712328767123
2021-09-04,37.2752602739726
2021-09-05,37.273397260273974
2021-09-06,37.27153424657534
2021-09-07,37.26967123287671
2021-09-08,37.26780821917808
2021-09-09,37.26594520547945
2021-09-10,37.26408219178082
2021-09-11,37.26221917808219
2021-09-12,37.26035616438356
2021-09-13,37.25849315068493
2021-09-14,37.2566301369863
2021-09-15,37.25476712328767
2021-09-16,37.25290410958904
2021-09-17,37.25104109589041
2021-09-18,37.249178082191776
2021-09-19,37.24731506849315
2021-09-20,37.24545205479452
2021-09-21,37.24358904109589
2021-09-22,37.241726027397256
2021-09-23,37.23986301369863
2021-09-24,37.238
2021-09-25,37.23613698630137
2021-09-26,37.234273972602736
2021-09-27,37.232410958904104
2021-09-28,37.23054794520548
2021-09-29,37.22868493150685
2021-09-30,37.226821917808216
2021-10-01,37.224958904109585
2021-10-02,37.22309589041096
2021-10-03,37.22123287671233
2021-10-04,37.219369863013696
2021-10-05,37.217506849315065
2021-10-06,37.21564383561643
2021-10-07,37.21378082191781
2021-10-08,37.21191780821918
2021-10-09,37.210054794520545
2021-10-10,37.20819178082191
2021-10-11,37.20632876712329
2021-10-12,37.20446575342466
2021-10-13,37.202602739726025
2021-10-14,37.20073972602739
2021-10-15,37.19887671232877
2021-10-16,37.19701369863014
2021-10-17,37.195150684931505
2021-10-18,37.19328767123287
2021-10-19,37.19142465753424
2021-10-20,37.18956164383562
2021-10-21,37.187698630136985
2021-10-22,37.185835616438354
2021-10-23,37.18397260273972
2021-10-24,37.1821095890411
2021-10-25,37.180246575342466
2021-10-26,37.178383561643834
2021-10-27,37.1765205479452
2021-10-28,37.17465753424657
2021-10-29,37.172794520547946
2021-10-30,37.170931506849314
2021-10-31,37.16906849315068
2021-11-01,37.16720547945205
2021-11-02,37.165342465753426
2021-11-03,37.163479452054794
2021-11-04,37.16161643835616
2021-11-05,37.15975342465753
2021-11-06,37.1578904109589
2021-11-07,37.156027397260274
2021-11-08,37.15416438356164
2021-11-09,37.15230136986301
2021-11-10,37.15043835616438
2021-11-11,37.148575342465755
2021-11-12,37.14671232876712
2021-11-13,37.14484931506849
2021-11-14,37.14298630136986
2021-11-15,37.14112328767123
2021-11-16,37.1392602739726
2021-11-17,37.13739726027397
2021-11-18,37.13553424657534
2021-11-19,37.13367123287671
2021-11-20,37.13180821917808
2021-11-21,37.12994520547945
2021-11-22,37.12808219178082
2021-11-23,37.12621917808219
2021-11-24,37.12435616438356
2021-11-25,37.12249315068493
2021-11-26,37.1206301369863
2021-11-27,37.11876712328767
2021-11-28,37.116904109589036
2021-11-29,37.11504109589041
2021-11-30,37.11317808219178
2021-12-01,37.11131506849315
2021-12-02,37.10945205479452
2021-12-03,37.10758904109589
2021-12-04,37.10572602739726
2021-12-05,37.10386301369863
2021-12-06,37.102
2021-12-07,37.100136986301365
2021-12-08,37.09827397260274
2021-12-09,37.09641095890411
2021-12-10,37.09454794520548
2021-12-11,37.092684931506845
2021-12-12,37.09082191780822
2021-12-13,37.08895890410959
2021-12-14,37.08709589041096
2021-12-15,37.085232876712325
2021-12-16,37.083369863013694
2021-12-17,37.08150684931507
2021-12-18,37.07964383561644
2021-12-19,37.077780821917806
2021-12-20,37.075917808219174
2021-12-21,37.07405479452055
2021-12-22,37.07219178082192
2021-12-23,37.070328767123286
2021-12-24,37.068465753424654
2021-12-25,37.06660273972602
2021-12-26,37.0647397260274
2021-12-27,37.062876712328766
2021-12-28,37.061013698630134
2021-12-29,37.0591506849315
2021-12-30,37.05728767123288
2021-12-31,37.055424657534246
2022-01-01,37.053561643835614
2022-01-02,37.05169863013698
2022-01-03,37.04983561643835
2022-01-04,37.047972602739726
2022-01-05,37.046109589041095
2022-01-06,37.04424657534246
2022-01-07,37.04238356164383
2022-01-08,37.040520547945206
2022-01-09,37.038657534246575
2022-01-10,37.03679452054794
2022-01-11,37.03493150684931
2022-01-12,37.03306849315069
2022-01-13,37.031205479452055
2022-01-14,37.02934246575342
2022-01-15,37.02747945205479
2022-01-16,37.02561643835616
2022-01-17,37.023753424657535
2022-01-18,37.0218904109589
2022-01-19,37.02002739726027
2022-01-20,37.01816438356164
2022-01-21,37.016301369863015
2022-01-22,37.01443835616438
2022-01-23,37.01257534246575
2022-01-24,37.01071232876712
2022-01-25,37.00884931506849
2022-01-26,37.006986301369864
2022-01-27,37.00512328767123
2022-01-28,37.0032602739726
2022-01-29,37.00139726027397
2022-01-30,36.999534246575344
2022-01-31,36.99767123287671
2022-02-01,36.99580821917808
2022-02-02,36.99394520547945
2022-02-03,36.99208219178082
2022-02-04,36.99021917808219
2022-02-05,36.98835616438356
2022-02-06,36.98649315068493
2022-02-07,36.9846301369863
2022-02-08,36.98276712328767
2022-02-09,36.98090410958904
2022-02-10,36.97904109589041
2022-02-11,36.97717808219178
2022-02-12,36.975315068493146
2022-02-13,36.97345205479452
2022-02-14,36.97158904109589
2022-02-15,36.96972602739726
2022-02-16,36.967863013698626
2022-02-17,36.966
2022-02-18,36.96413698630137
2022-02-19,36.96227397260274
2022-02-20,36.960410958904106
2022-02-21,36.95854794520548
2022-02-22,36.95668493150685
2022-02-23,36.95482191780822
2022-02-24,36.952958904109586
2022-02-25,36.951095890410954
2022-02-26,36.94923287671233
2022-02-27,36.9473698630137
2022-02-28,36.945506849315066
2022-03-01,36.943643835616435
2022-03-02,36.94178082191781
2022-03-03,36.93991780821918
2022-03-04,36.938054794520546
2022-03-05,36.936191780821915
2022-03-06,36.93432876712328
2022-03-07,36.93246575342466
2022-03-08,36.93060273972603
2022-03-09,36.928739726027395
2022-03-10,36.92687671232876
2022-03-11,36.92501369863014
2022-03-12,36.92315068493151
2022-03-13,36.921287671232875
2022-03-14,36.91942465753424
2022-03-15,36.91756164383561
2022-03-16,36.91569863013699
2022-03-17,36.913835616438355
2022-03-18,36.91197260273972
2022-03-19,36.91010958904109
2022-03-20,36.90824657534247
2022-03-21,36.906383561643835
2022-03-22,36.904520547945204
2022-03-23,36.90265753424657
2022-03-24,36.90079452054794
2022-03-25,36.898931506849316
2022-03-26,36.897068493150684
2022-03-27,36.89520547945205
2022-03-28,36.89334246575342
2022-03-29,36.891479452054796
2022-03-30,36.889616438356164
2022-03-31,36.88775342465753
2022-04-01,36.8858904109589
2022-04-02,36.88402739726027
2022-04-03,36.882164383561644
2022-04-04,36.88030136986301
2022-04-05,36.87843835616438
2022-04-06,36.87657534246575
2022-04-07,36.874712328767124
2022-04-08,36.87284931506849
2022-04-09,36.87098630136986
2022-04-10,36.86912328767123
2022-04-11,36.867260273972605
2022-04-12,36.86539726027397
2022-04-13,36.86353424657534
2022-04-14,36.86167123287671
2022-04-15,36.85980821917808
2022-04-16,36.85794520547945
2022-04-17,36.85608219178082
2022-04-18,36.85421917808219
2022-04-19,36.85235616438356
2022-04-20,36.85049315068493
2022-04-21,36.8486301369863
2022-04-22,36.84676712328767
2022-04-23,36.84490410958904
2022-04-24,36.843041095890406
2022-04-25,36.84117808219178
2022-04-26,36.83931506849315
2022-04-27,36.83745205479452
2022-04-28,36.835589041095886
2022-04-29,36.83372602739726
2022-04-30,36.83186301369863
2022-05-01,36.83
2022-05-02,36.836958904109586
2022-05-03,36.843917808219175
2022-05-04,36.85087671232876
2022-05-05,36.85783561643836
2022-05-06,36.864794520547946
2022-05-07,36.871753424657534
2022-05-08,36.87871232876712
2022-05-09,36.88567123287671
2022-05-10,36.8926301369863
2022-05-11,36.899589041095886
2022-05-12,36.906547945205475
2022-05-13,36.91350684931507
2022-05-14,36.92046575342466
2022-05-15,36.927424657534246
2022-05-16,36.934383561643834
2022-05-17,36.94134246575342
2022-05-18,36.94830136986301
2022-05-19,36.9552602739726
2022-05-20,36.96221917808219
2022-05-21,36.96917808219178
2022-05-22,36.97613698630137
2022-05-23,36.98309589041096
2022-05-24,36.990054794520546
2022-05-25,36.997013698630134
2022-05-26,37.00397260273972
2022-05-27,37.01093150684931
2022-05-28,37.017890410958906
2022-05-29,37.024849315068494
2022-05-30,37.03180821917808
2022-05-31,37.03876712328767
2022-06-01,37.04572602739726
2022-06-02,37.052684931506846
2022-06-03,37.059643835616434
2022-06-04,37.06660273972602
2022-06-05,37.07356164383562
2022-06-06,37.080520547945206
2022-06-07,37.087479452054794
2022-06-08,37.09443835616438
2022-06-09,37.10139726027397
2022-06-10,37.10835616438356
2022-06-11,37.115315068493146
2022-06-12,37.12227397260274
2022-06-13,37.12923287671233
2022-06-14,37.13619178082192
2022-06-15,37.143150684931506
2022-06-16,37.150109589041094
2022-06-17,37.15706849315068
2022-06-18,37.16402739726027
2022-06-19,37.17098630136986
2022-06-20,37.17794520547945
2022-06-21,37.18490410958904
2022-06-22,37.19186301369863
2022-06-23,37.19882191780822
2022-06-24,37.205780821917806
2022-06-25,37.212739726027394
2022-06-26,37.21969863013698
2022-06-27,37.22665753424657
2022-06-28,37.233616438356165
2022-06-29,37.24057534246575
2022-06-30,37.24753424657534
2022-07-01,37.25449315068493
2022-07-02,37.26145205479452
2022-07-03,37.268410958904106
2022-07-04,37.275369863013694
2022-07-05,37.28232876712329
2022-07-06,37.28928767123288
2022-07-07,37.296246575342465
2022-07-08,37.30320547945205
2022-07-09,37.31016438356164
2022-07-10,37.31712328767123
2022-07-11,37.32408219178082
2022-07-12,37.331041095890406
2022-07-13,37.338
2022-07-14,37.34495890410959
2022-07-15,37.35191780821918
2022-07-16,37.358876712328765
2022-07-17,37.36583561643835
2022-07-18,37.37279452054794
2022-07-19,37.37975342465753
2022-07-20,37.386712328767125
2022-07-21,37.39367123287671
2022-07-22,37.4006301369863
2022-07-23,37.40758904109589
2022-07-24,37.41454794520548
2022-07-25,37.421506849315065
2022-07-26,37.42846575342465
2022-07-27,37.43542465753424
2022-07-28,37.44238356164384
2022-07-29,37.449342465753425
2022-07-30,37.45630136986301
2022-07-31,37.4632602739726
2022-08-01,37.47021917808219
2022-08-02,37.47717808219178
2022-08-03,37.484136986301365
2022-08-04,37.49109589041095
2022-08-05,37.49805479452055
2022-08-06,37.50501369863014
2022-08-07,37.511972602739725
2022-08-08,37.51893150684931
2022-08-09,37.5258904109589
2022-08-10,37.53284931506849
2022-08-11,37.53980821917808
2022-08-12,37.54676712328767
2022-08-13,37.55372602739726
2022-08-14,37.56068493150685
2022-08-15,37.56764383561644
2022-08-16,37.574602739726025
2022-08-17,37.58156164383561
2022-08-18,37.5885205479452
2022-08-19,37.59547945205479
2022-08-20,37.602438356164384
2022-08-21,37.60939726027397
2022-08-22,37.61635616438356
2022-08-23,37.62331506849315
2022-08-24,37.63027397260274
2022-08-25,37.637232876712325
2022-08-26,37.64419178082191
2022-08-27,37.65115068493151
2022-08-28,37.658109589041096
2022-08-29,37.665068493150685
2022-08-30,37.67202739726027
2022-08-31,37.67898630136986
2022-09-01,37.68594520547945
2022-09-02,37.69290410958904
2022-09-03,37.699863013698625
2022-09-04,37.70682191780822
2022-09-05,37.71378082191781
2022-09-06,37.720739726027396
2022-09-07,37.727698630136985
2022-09-08,37.73465753424657
2022-09-09,37.74161643835616
2022-09-10,37.74857534246575
2022-09-11,37.75553424657534
2022-09-12,37.76249315068493
2022-09-13,37.76945205479452
2022-09-14,37.77641095890411
2022-09-15,37.7833698630137
2022-09-16,37.790328767123285
2022-09-17,37.79728767123287
2022-09-18,37.80424657534246
2022-09-19,37.811205479452056
2022-09-20,37.818164383561644
2022-09-21,37.82512328767123
2022-09-22,37.83208219178082
2022-09-23,37.83904109589041
2022-09-24,37.846
2022-09-25,37.852958904109585
2022-09-26,37.85991780821917
2022-09-27,37.86687671232877
2022-09-28,37.873835616438356
2022-09-29,37.880794520547944
2022-09-30,37.88775342465753
2022-10-01,37.89471232876712
2022-10-02,37.90167123287671
2022-10-03,37.9086301369863
2022-10-04,37.915589041095885
2022-10-05,37.92254794520548
2022-10-06,37.92950684931507
2022-10-07,37.936465753424656
2022-10-08,37.943424657534244
2022-10-09,37.95038356164383
2022-10-10,37.95734246575342
2022-10-11,37.96430136986301
2022-10-12,37.971260273972604
2022-10-13,37.97821917808219
2022-10-14,37.98517808219178
2022-10-15,37.99213698630137
2022-10-16,37.999095890410956
2022-10-17,38.006054794520544
2022-10-18,38.01301369863013
2022-10-19,38.01997260273972
2022-10-20,38.026931506849316
2022-10-21,38.033890410958904
2022-10-22,38.04084931506849
2022-10-23,38.04780821917808
2022-10-24,38.05476712328767
2022-10-25,38.061726027397256
2022-10-26,38.068684931506844
2022-10-27,38.07564383561644
2022-10-28,38.08260273972603
2022-10-29,38.089561643835616
2022-10-30,38.096520547945204
2022-10-31,38.10347945205479
2022-11-01,38.11043835616438
2022-11-02,38.11739726027397
2022-11-03,38.124356164383556
2022-11-04,38.13131506849315
2022-11-05,38.13827397260274
2022-11-06,38.14523287671233
2022-11-07,38.152191780821916
2022-11-08,38.159150684931504
2022-11-09,38.16610958904109
2022-11-10,38.17306849315068
2022-11-11,38.180027397260275
2022-11-12,38.18698630136986
2022-11-13,38.19394520547945
2022-11-14,38.20090410958904
2022-11-15,38.20786301369863
2022-11-16,38.214821917808216
2022-11-17,38.221780821917804
2022-11-18,38.22873972602739
2022-11-19,38.23569863013699
2022-11-20,38.242657534246575
2022-11-21,38.24961643835616
2022-11-22,38.25657534246575
2022-11-23,38.26353424657534
2022-11-24,38.27049315068493
2022-11-25,38.277452054794516
2022-11-26,38.284410958904104
2022-11-27,38.2913698630137
2022-11-28,38.29832876712329
2022-11-29,38.305287671232875
2022-11-30,38.31224657534246
2022-12-01,38.31920547945205
2022-12-02,38.32616438356164
2022-12-03,38.33312328767123
2022-12-04,38.34008219178082
2022-12-05,38.34704109589041
2022-12-06,38.354
2022-12-07,38.36095890410959
2022-12-08,38.367917808219175
2022-12-09,38.37487671232876
2022-12-10,38.38183561643835
2022-12-11,38.38879452054794
2022-12-12,38.395753424657535
2022-12-13,38.40271232876712
2022-12-14,38.40967123287671
2022-12-15,38.4166301369863
2022-12-16,38.42358904109589
2022-12-17,38.430547945205475
2022-12-18,38.437506849315064
2022-12-19,38.44446575342465
2022-12-20,38.45142465753425
2022-12-21,38.458383561643835
2022-12-22,38.46534246575342
2022-12-23,38.47230136986301
2022-12-24,38.4792602739726
2022-12-25,38.48621917808219
2022-12-26,38.493178082191776
2022-12-27,38.50013698630137
2022-12-28,38.50709589041096
2022-12-29,38.51405479452055
2022-12-30,38.521013698630135
2022-12-31,38.52797260273972
2023-01-01,38.53493150684931
2023-01-02,38.5418904109589
2023-01-03,38.54884931506849
2023-01-04,38.55580821917808
2023-01-05,38.56276712328767
2023-01-06,38.56972602739726
2023-01-07,38.57668493150685
2023-01-08,38.583643835616435
2023-01-09,38.59060273972602
2023-01-10,38.59756164383561
2023-01-11,38.60452054794521
2023-01-12,38.611479452054795
2023-01-13,38.61843835616438
2023-01-14,38.62539726027397
2023-01-15,38.63235616438356
2023-01-16,38.63931506849315
2023-01-17,38.646273972602735
2023-01-18,38.65323287671232
2023-01-19,38.66019178082192
2023-01-20,38.66715068493151
2023-01-21,38.674109589041095
2023-01-22,38.68106849315068
2023-01-23,38.68802739726027
2023-01-24,38.69498630136986
2023-01-25,38.70194520547945
2023-01-26,38.70890410958904
2023-01-27,38.71586301369863
2023-01-28,38.72282191780822
2023-01-29,38.72978082191781
2023-01-30,38.736739726027395
2023-01-31,38.74369863013698
2023-02-01,38.75065753424657
2023-02-02,38.75761643835616
2023-02-03,38.764575342465754
2023-02-04,38.77153424657534
2023-02-05,38.77849315068493
2023-02-06,38.78545205479452
2023-02-07,38.79241095890411
2023-02-08,38.799369863013695
2023-02-09,38.80632876712328
2023-02-10,38.81328767123287
2023-02-11,38.820246575342466
2023-02-12,38.827205479452054
2023-02-13,38.83416438356164
2023-02-14,38.84112328767123
2023-02-15,38.84808219178082
2023-02-16,38.85504109589041
2023-02-17,38.861999999999995
2023-02-18,38.86895890410959
2023-02-19,38.87591780821918
2023-02-20,38.882876712328766
2023-02-21,38.889835616438354
2023-02-22,38.89679452054794
2023-02-23,38.90375342465753
2023-02-24,38.91071232876712
2023-02-25,38.91767123287671
2023-02-26,38.9246301369863
2023-02-27,38.93158904109589
2023-02-28,38.93854794520548
2023-03-01,38.945506849315066
2023-03-02,38.952465753424654
2023-03-03,38.95942465753424
2023-03-04,38.96638356164383
2023-03-05,38.97334246575342
2023-03-06,38.980301369863014
2023-03-07,38.9872602739726
2023-03-08,38.99421917808219
2023-03-09,39.00117808219178
2023-03-10,39.008136986301366
2023-03-11,39.015095890410954
2023-03-12,39.02205479452054
2023-03-13,39.02901369863014
2023-03-14,39.035972602739726
2023-03-15,39.042931506849314
2023-03-16,39.0498904109589
2023-03-17,39.05684931506849
2023-03-18,39.06380821917808
2023-03-19,39.070767123287666
2023-03-20,39.077726027397254
2023-03-21,39.08468493150685
2023-03-22,39.09164383561644
2023-03-23,39.098602739726026
2023-03-24,39.105561643835614
2023-03-25,39.1125205479452
2023-03-26,39.11947945205479
2023-03-27,39.12643835616438
2023-03-28,39.133397260273966
2023-03-29,39.14035616438356
2023-03-30,39.14731506849315
2023-03-31,39.15427397260274
2023-04-01,39.161232876712326
2023-04-02,39.168191780821914
2023-04-03,39.1751506849315
2023-04-04,39.18210958904109
2023-04-05,39.189068493150685
2023-04-06,39.19602739726027
2023-04-07,39.20298630136986
2023-04-08,39.20994520547945
2023-04-09,39.21690410958904
2023-04-10,39.223863013698626
2023-04-11,39.230821917808214
2023-04-12,39.23778082191781
2023-04-13,39.2447397260274
2023-04-14,39.251698630136985
2023-04-15,39.258657534246574
2023-04-16,39.26561643835616
2023-04-17,39.27257534246575
2023-04-18,39.27953424657534
2023-04-19,39.286493150684926
2023-04-20,39.29345205479452
2023-04-21,39.30041095890411
2023-04-22,39.3073698630137
2023-04-23,39.314328767123286
2023-04-24,39.321287671232874
2023-04-25,39.32824657534246
2023-04-26,39.33520547945205
2023-04-27,39.34216438356164
2023-04-28,39.34912328767123
2023-04-29,39.35608219178082
2023-04-30,39.36304109589041
2023-05-01,39.37
2023-05-02,39.39215846994535
2023-05-03,39.41431693989071
2023-05-04,39.43647540983606
2023-05-05,39.45863387978142
2023-05-06,39.48079234972678
2023-05-07,39.50295081967213
2023-05-08,39.52510928961748
2023-05-09,39.547267759562835
2023-05-10,39.569426229508196
2023-05-11,39.59158469945355
2023-05-12,39.6137431693989
2023-05-13,39.63590163934426
2023-05-14,39.658060109289615
2023-05-15,39.68021857923497
2023-05-16,39.70237704918033
2023-05-17,39.72453551912568
2023-05-18,39.746693989071034
2023-05-19,39.768852459016394
2023-05-20,39.79101092896175
2023-05-21,39.8131693989071
2023-05-22,39.83532786885246
2023-05-23,39.85748633879781
2023-05-24,39.879644808743166
2023-05-25,39.90180327868852
2023-05-26,39.92396174863388
2023-05-27,39.94612021857923
2023-05-28,39.968278688524585
2023-05-29,39.990437158469945
2023-05-30,40.0125956284153
2023-05-31,40.03475409836065
2023-06-01,40.05691256830601
2023-06-02,40.079071038251364
2023-06-03,40.10122950819672
2023-06-04,40.12338797814208
2023-06-05,40.14554644808743
2023-06-06,40.16770491803278
2023-06-07,40.18986338797814
2023-06-08,40.212021857923496
2023-06-09,40.23418032786885
2023-06-10,40.2563387978142
2023-06-11,40.27849726775956
2023-06-12,40.300655737704915
2023-06-13,40.32281420765027
2023-06-14,40.34497267759563
2023-06-15,40.36713114754098
2023-06-16,40.389289617486334
2023-06-17,40.411448087431694
2023-06-18,40.43360655737705
2023-06-19,40.4557650273224
2023-06-20,40.47792349726776
2023-06-21,40.50008196721311
2023-06-22,40.522240437158466
2023-06-23,40.544398907103826
2023-06-24,40.56655737704918
2023-06-25,40.58871584699453
2023-06-26,40.610874316939885
2023-06-27,40.633032786885245
2023-06-28,40.6551912568306
2023-06-29,40.67734972677595
2023-06-30,40.69950819672131
2023-07-01,40.721666666666664
2023-07-02,40.74382513661202
2023-07-03,40.76598360655738
2023-07-04,40.78814207650273
2023-07-05,40.81030054644808
2023-07-06,40.83245901639344
2023-07-07,40.854617486338796
2023-07-08,40.87677595628415
2023-07-09,40.8989344262295
2023-07-10,40.92109289617486
2023-07-11,40.943251366120215
2023-07-12,40.96540983606557
2023-07-13,40.98756830601093
2023-07-14,41.00972677595628
2023-07-15,41.031885245901634
2023-07-16,41.054043715846994
2023-07-17,41.07620218579235
2023-07-18,41.0983606557377
2023-07-19,41.12051912568306
2023-07-20,41.14267759562841
2023-07-21,41.164836065573766
2023-07-22,41.186994535519126
2023-07-23,41.20915300546448
2023-07-24,41.23131147540983
2023-07-25,41.253469945355185
2023-07-26,41.275628415300545
2023-07-27,41.2977868852459
2023-07-28,41.31994535519125
2023-07-29,41.34210382513661
2023-07-30,41.364262295081964
2023-07-31,41.38642076502732
2023-08-01,41.40857923497268
2023-08-02,41.43073770491803
2023-08-03,41.45289617486338
2023-08-04,41.47505464480874
2023-08-05,41.497213114754096
2023-08-06,41.51937158469945
2023-08-07,41.54153005464481
2023-08-08,41.56368852459016
2023-08-09,41.585846994535515
2023-08-10,41.60800546448087
2023-08-11,41.63016393442623
2023-08-12,41.65232240437158
2023-08-13,41.674480874316934
2023-08-14,41.696639344262294
2023-08-15,41.71879781420765
2023-08-16,41.740956284153
2023-08-17,41.76311475409836
2023-08-18,41.78527322404371
2023-08-19,41.807431693989066
2023-08-20,41.82959016393443
2023-08-21,41.85174863387978
2023-08-22,41.87390710382513
2023-08-23,41.896065573770485
2023-08-24,41.918224043715846
2023-08-25,41.9403825136612
2023-08-26,41.96254098360655
2023-08-27,41.98469945355191
2023-08-28,42.006857923497265
2023-08-29,42.02901639344262
2023-08-30,42.05117486338798
2023-08-31,42.07333333333333
2023-09-01,42.095491803278684
2023-09-02,42.117650273224044
2023-09-03,42.1398087431694
2023-09-04,42.16196721311475
2023-09-05,42.18412568306011
2023-09-06,42.20628415300546
2023-09-07,42.228442622950816
2023-09-08,42.250601092896176
2023-09-09,42.27275956284153
2023-09-10,42.29491803278688
2023-09-11,42.317076502732235
2023-09-12,42.339234972677595
2023-09-13,42.36139344262295
2023-09-14,42.3835519125683
2023-09-15,42.40571038251366
2023-09-16,42.427868852459014
2023-09-17,42.45002732240437
2023-09-18,42.47218579234973
2023-09-19,42.49434426229508
2023-09-20,42.51650273224043
2023-09-21,42.53866120218579
2023-09-22,42.560819672131146
2023-09-23,42.5829781420765
2023-09-24,42.60513661202185
2023-09-25,42.62729508196721
2023-09-26,42.649453551912565
2023-09-27,42.67161202185792
2023-09-28,42.69377049180328
2023-09-29,42.71592896174863
2023-09-30,42.738087431693984
2023-10-01,42.760245901639344
2023-10-02,42.7824043715847
2023-10-03,42.80456284153005
2023-10-04,42.82672131147541
2023-10-05,42.84887978142076
2023-10-06,42.871038251366116
2023-10-07,42.89319672131147
2023-10-08,42.91535519125683
2023-10-09,42.93751366120218
2023-10-10,42.959672131147535
2023-10-11,42.981830601092895
2023-10-12,43.00398907103825
2023-10-13,43.0261475409836
2023-10-14,43.04830601092896
2023-10-15,43.070464480874314
2023-10-16,43.09262295081967
2023-10-17,43.11478142076503
2023-10-18,43.13693989071038
2023-10-19,43.15909836065573
2023-10-20,43.18125683060109
2023-10-21,43.203415300546446
2023-10-22,43.2255737704918
2023-10-23,43.24773224043716
2023-10-24,43.26989071038251
2023-10-25,43.292049180327865
2023-10-26,43.31420765027322
2023-10-27,43.33636612021858
2023-10-28,43.35852459016393
2023-10-29,43.380683060109284
2023-10-30,43.402841530054644
2023-10-31,43.425
2023-11-01,43.44715846994535
2023-11-02,43.46931693989071
2023-11-03,43.49147540983606
2023-11-04,43.513633879781416
2023-11-05,43.535792349726776
2023-11-06,43.55795081967213
2023-11-07,43.58010928961748
2023-11-08,43.602267759562835
2023-11-09,43.624426229508195
2023-11-10,43.64658469945355
2023-11-11,43.6687431693989
2023-11-12,43.69090163934426
2023-11-13,43.713060109289614
2023-11-14,43.73521857923497
2023-11-15,43.75737704918033
2023-11-16,43.77953551912568
2023-11-17,43.80169398907103
2023-11-18,43.82385245901639
2023-11-19,43.846010928961746
2023-11-20,43.8681693989071
2023-11-21,43.89032786885245
2023-11-22,43.91248633879781
2023-11-23,43.934644808743165
2023-11-24,43.956803278688525
2023-11-25,43.97896174863388
2023-11-26,44.00112021857923
2023-11-27,44.023278688524584
2023-11-28,44.045437158469944
2023-11-29,44.0675956284153
2023-11-30,44.08975409836065
2023-12-01,44.11191256830601
2023-12-02,44.13407103825136
2023-12-03,44.156229508196716
2023-12-04,44.17838797814208
2023-12-05,44.20054644808743
2023-12-06,44.22270491803278
2023-12-07,44.24486338797814
2023-12-08,44.267021857923496
2023-12-09,44.28918032786885
2023-12-10,44.3113387978142
2023-12-11,44.33349726775956
2023-12-12,44.355655737704915
2023-12-13,44.37781420765027
2023-12-14,44.39997267759563
2023-12-15,44.42213114754098
2023-12-16,44.444289617486334
2023-12-17,44.466448087431694
2023-12-18,44.48860655737705
2023-12-19,44.5107650273224
2023-12-20,44.53292349726776
2023-12-21,44.55508196721311
2023-12-22,44.577240437158466
2023-12-23,44.59939890710382
2023-12-24,44.62155737704918
2023-12-25,44.64371584699453
2023-12-26,44.665874316939885
2023-12-27,44.688032786885245
2023-12-28,44.7101912568306
2023-12-29,44.73234972677595
2023-12-30,44.75450819672131
2023-12-31,44.776666666666664
2024-01-01,44.79882513661202
2024-01-02,44.82098360655738
2024-01-03,44.84314207650273
2024-01-04,44.86530054644808
2024-01-05,44.887459016393436
2024-01-06,44.909617486338796
2024-01-07,44.93177595628415
2024-01-08,44.95393442622951
2024-01-09,44.97609289617486
2024-01-10,44.998251366120215
2024-01-11,45.02040983606557
2024-01-12,45.04256830601093
2024-01-13,45.06472677595628
2024-01-14,45.086885245901634
2024-01-15,45.109043715846994
2024-01-16,45.13120218579235
2024-01-17,45.1533606557377
2024-01-18,45.17551912568306
2024-01-19,45.19767759562841
2024-01-20,45.219836065573766
2024-01-21,45.241994535519126
2024-01-22,45.26415300546448
2024-01-23,45.28631147540983
2024-01-24,45.308469945355185
2024-01-25,45.330628415300545
2024-01-26,45.3527868852459
2024-01-27,45.37494535519125
2024-01-28,45.39710382513661
2024-01-29,45.419262295081964
2024-01-30,45.44142076502732
2024-01-31,45.46357923497268
2024-02-01,45.48573770491803
2024-02-02,45.50789617486338
2024-02-03,45.53005464480874
2024-02-04,45.552213114754096
2024-02-05,45.57437158469945
2024-02-06,45.5965300546448
2024-02-07,45.61868852459016
2024-02-08,45.640846994535515
2024-02-09,45.663005464480875
2024-02-10,45.68516393442623
2024-02-11,45.70732240437158
2024-02-12,45.729480874316934
2024-02-13,45.751639344262294
2024-02-14,45.77379781420765
2024-02-15,45.795956284153
2024-02-16,45.81811475409836
2024-02-17,45.84027322404371
2024-02-18,45.862431693989066
2024-02-19,45.88459016393442
2024-02-20,45.90674863387978
2024-02-21,45.92890710382513
2024-02-22,45.95106557377049
2024-02-23,45.973224043715845
2024-02-24,45.9953825136612
2024-02-25,46.01754098360655
2024-02-26,46.03969945355191
2024-02-27,46.061857923497264
2024-02-28,46.08401639344262
2024-02-29,46.10617486338798
2024-03-01,46.12833333333333
2024-03-02,46.15049180327868
2024-03-03,46.17265027322404
2024-03-04,46.194808743169396
2024-03-05,46.21696721311475
2024-03-06,46.23912568306011
2024-03-07,46.26128415300546
2024-03-08,46.283442622950815
2024-03-09,46.30560109289617
2024-03-10,46.32775956284153
2024-03-11,46.34991803278688
2024-03-12,46.372076502732234
2024-03-13,46.394234972677594
2024-03-14,46.41639344262295
2024-03-15,46.4385519125683
2024-03-16,46.46071038251366
2024-03-17,46.48286885245901
2024-03-18,46.505027322404366
2024-03-19,46.52718579234973
2024-03-20,46.54934426229508
2024-03-21,46.57150273224043
2024-03-22,46.593661202185785
2024-03-23,46.615819672131146
2024-03-24,46.6379781420765
2024-03-25,46.66013661202186
2024-03-26,46.68229508196721
2024-03-27,46.704453551912565
2024-03-28,46.72661202185792
2024-03-29,46.74877049180328
2024-03-30,46.77092896174863
2024-03-31,46.79308743169398
2024-04-01,46.815245901639344
2024-04-02,46.8374043715847
2024-04-03,46.85956284153005
2024-04-04,46.88172131147541
2024-04-05,46.90387978142076
2024-04-06,46.926038251366116
2024-04-07,46.948196721311476
2024-04-08,46.97035519125683
2024-04-09,46.99251366120218
2024-04-10,47.014672131147535
2024-04-11,47.036830601092895
2024-04-12,47.05898907103825
2024-04-13,47.0811475409836
2024-04-14,47.10330601092896
2024-04-15,47.125464480874314
2024-04-16,47.14762295081967
2024-04-17,47.16978142076503
2024-04-18,47.19193989071038
2024-04-19,47.21409836065573
2024-04-20,47.23625683060109
2024-04-21,47.258415300546446
2024-04-22,47.2805737704918
2024-04-23,47.30273224043715
2024-04-24,47.32489071038251
2024-04-25,47.347049180327865
2024-04-26,47.36920765027322
2024-04-27,47.39136612021858
2024-04-28,47.41352459016393
2024-04-29,47.435683060109284
2024-04-30,47.457841530054644
2024-05-01,47.48
2024-05-02,47.53084931506849
2024-05-03,47.581698630136984
2024-05-04,47.632547945205474
2024-05-05,47.68339726027397
2024-05-06,47.73424657534246
2024-05-07,47.78509589041096
2024-05-08,47.83594520547945
2024-05-09,47.886794520547944
2024-05-10,47.937643835616434
2024-05-11,47.98849315068493
2024-05-12,48.03934246575342
2024-05-13,48.09019178082192
2024-05-14,48.14104109589041
2024-05-15,48.1918904109589
2024-05-16,48.242739726027395
2024-05-17,48.293589041095885
2024-05-18,48.34443835616438
2024-05-19,48.39528767123287
2024-05-20,48.44613698630137
2024-05-21,48.49698630136986
2024-05-22,48.547835616438356
2024-05-23,48.598684931506845
2024-05-24,48.64953424657534
2024-05-25,48.70038356164383
2024-05-26,48.75123287671233
2024-05-27,48.80208219178082
2024-05-28,48.852931506849316
2024-05-29,48.903780821917806
2024-05-30,48.954630136986296
2024-05-31,49.00547945205479
2024-06-01,49.05632876712328
2024-06-02,49.10717808219178
2024-06-03,49.15802739726027
2024-06-04,49.20887671232877
2024-06-05,49.25972602739726
2024-06-06,49.310575342465754
2024-06-07,49.36142465753424
2024-06-08,49.41227397260274
2024-06-09,49.46312328767123
2024-06-10,49.51397260273973
2024-06-11,49.56482191780822
2024-06-12,49.61567123287671
2024-06-13,49.666520547945204
2024-06-14,49.717369863013694
2024-06-15,49.76821917808219
2024-06-16,49.81906849315068
2024-06-17,49.86991780821918
2024-06-18,49.92076712328767
2024-06-19,49.971616438356165
2024-06-20,50.022465753424655
2024-06-21,50.07331506849315
2024-06-22,50.12416438356164
2024-06-23,50.17501369863014
2024-06-24,50.22586301369863
2024-06-25,50.27671232876712
2024-06-26,50.327561643835615
2024-06-27,50.378410958904105
2024-06-28,50.4292602739726
2024-06-29,50.48010958904109
2024-06-30,50.53095890410959
2024-07-01,50.58180821917808
2024-07-02,50.632657534246576
2024-07-03,50.683506849315066
2024-07-04,50.73435616438356
2024-07-05,50.78520547945205
2024-07-06,50.83605479452055
2024-07-07,50.88690410958904
2024-07-08,50.93775342465753
2024-07-09,50.988602739726026
2024-07-10,51.039452054794516
2024-07-11,51.09030136986301
2024-07-12,51.1411506849315
2024-07-13,51.192
2024-07-14,51.24284931506849
2024-07-15,51.29369863013699
2024-07-16,51.34454794520548
2024-07-17,51.395397260273974
2024-07-18,51.446246575342464
2024-07-19,51.49709589041096
2024-07-20,51.54794520547945
2024-07-21,51.59879452054794
2024-07-22,51.64964383561644
2024-07-23,51.70049315068493
2024-07-24,51.751342465753424
2024-07-25,51.802191780821914
2024-07-26,51.85304109589041
2024-07-27,51.9038904109589
2024-07-28,51.9547397260274
2024-07-29,52.00558904109589
2024-07-30,52.056438356164385
2024-07-31,52.107287671232875
2024-08-01,52.15813698630137
2024-08-02,52.20898630136986
2024-08-03,52.25983561643835
2024-08-04,52.31068493150685
2024-08-05,52.36153424657534
2024-08-06,52.412383561643836
2024-08-07,52.463232876712325
2024-08-08,52.51408219178082
2024-08-09,52.56493150684931
2024-08-10,52.61578082191781
2024-08-11,52.6666301369863
2024-08-12,52.717479452054796
2024-08-13,52.768328767123286
2024-08-14,52.81917808219178
2024-08-15,52.87002739726027
2024-08-16,52.92087671232876
2024-08-17,52.97172602739726
2024-08-18,53.02257534246575
2024-08-19,53.07342465753425
2024-08-20,53.12427397260274
2024-08-21,53.175123287671234
2024-08-22,53.22597260273972
2024-08-23,53.27682191780822
2024-08-24,53.32767123287671
2024-08-25,53.37852054794521
2024-08-26,53.4293698630137
2024-08-27,53.480219178082194
2024-08-28,53.531068493150684
2024-08-29,53.581917808219174
2024-08-30,53.63276712328767
2024-08-31,53.68361643835616
2024-09-01,53.73446575342466
2024-09-02,53.78531506849315
2024-09-03,53.836164383561645
2024-09-04,53.887013698630135
2024-09-05,53.93786301369863
2024-09-06,53.98871232876712
2024-09-07,54.03956164383562
2024-09-08,54.09041095890411
2024-09-09,54.141260273972605
2024-09-10,54.192109589041095
2024-09-11,54.242958904109585
2024-09-12,54.29380821917808
2024-09-13,54.34465753424657
2024-09-14,54.39550684931507
2024-09-15,54.44635616438356
2024-09-16,54.497205479452056
2024-09-17,54.548054794520546
2024-09-18,54.59890410958904
2024-09-19,54.64975342465753
2024-09-20,54.70060273972603
2024-09-21,54.75145205479452
2024-09-22,54.80230136986302
2024-09-23,54.85315068493151
2024-09-24,54.903999999999996
2024-09-25,54.95484931506849
2024-09-26,55.00569863013699
2024-09-27,55.05654794520548
2024-09-28,55.10739726027397
2024-09-29,55.15824657534247
2024-09-30,55.20909589041096
2024-10-01,55.259945205479454
2024-10-02,55.310794520547944
2024-10-03,55.36164383561644
2024-10-04,55.41249315068493
2024-10-05,55.46334246575343
2024-10-06,55.51419178082192
2024-10-07,55.56504109589041
2024-10-08,55.615890410958905
2024-10-09,55.6667397260274
2024-10-10,55.71758904109589
2024-10-11,55.76843835616438
2024-10-12,55.81928767123288
2024-10-13,55.87013698630137
2024-10-14,55.920986301369865
2024-10-15,55.971835616438355
2024-10-16,56.02268493150685
2024-10-17,56.07353424657534
2024-10-18,56.12438356164384
2024-10-19,56.17523287671233
2024-10-20,56.22608219178082
2024-10-21,56.276931506849316
2024-10-22,56.32778082191781
2024-10-23,56.3786301369863
2024-10-24,56.42947945205479
2024-10-25,56.48032876712329
2024-10-26,56.53117808219178
2024-10-27,56.582027397260276
2024-10-28,56.632876712328766
2024-10-29,56.68372602739726
2024-10-30,56.73457534246575
2024-10-31,56.78542465753425
2024-11-01,56.83627397260274
2024-11-02,56.88712328767123
2024-11-03,56.93797260273973
2024-11-04,56.988821917808224
2024-11-05,57.039671232876714
2024-11-06,57.090520547945204
2024-11-07,57.1413698630137
2024-11-08,57.19221917808219
2024-11-09,57.24306849315069
2024-11-10,57.29391780821918
2024-11-11,57.344767123287674
2024-11-12,57.395616438356164
2024-11-13,57.44646575342466
2024-11-14,57.49731506849315
2024-11-15,57.54816438356164
2024-11-16,57.59901369863014
2024-11-17,57.649863013698635
2024-11-18,57.700712328767125
2024-11-19,57.751561643835615
2024-11-20,57.80241095890411
2024-11-21,57.8532602739726
2024-11-22,57.9041095890411
2024-11-23,57.95495890410959
2024-11-24,58.005808219178085
2024-11-25,58.056657534246575
2024-11-26,58.10750684931507
2024-11-27,58.15835616438356
2024-11-28,58.20920547945205
2024-11-29,58.26005479452055
2024-11-30,58.310904109589046
2024-12-01,58.361753424657536
2024-12-02,58.412602739726026
2024-12-03,58.46345205479452
2024-12-04,58.51430136986301
2024-12-05,58.56515068493151
2024-12-06,58.616
2024-12-07,58.6668493150685
2024-12-08,58.71769863013699
2024-12-09,58.76854794520548
2024-12-10,58.81939726027397
2024-12-11,58.87024657534246
2024-12-12,58.92109589041096
2024-12-13,58.97194520547946
2024-12-14,59.02279452054795
2024-12-15,59.07364383561644
2024-12-16,59.124493150684934
2024-12-17,59.175342465753424
2024-12-18,59.22619178082192
2024-12-19,59.27704109589041
2024-12-20,59.32789041095891
2024-12-21,59.3787397260274
2024-12-22,59.429589041095895
2024-12-23,59.480438356164385
2024-12-24,59.531287671232874
2024-12-25,59.58213698630137
2024-12-26,59.63298630136987
2024-12-27,59.68383561643836
2024-12-28,59.73468493150685
2024-12-29,59.785534246575345
2024-12-30,59.83638356164384
2024-12-31,59.88723287671233
2025-01-01,59.93808219178082
2025-01-02,59.98893150684932
2025-01-03,60.03978082191781
2025-01-04,60.090630136986306
2025-01-05,60.141479452054796
2025-01-06,60.192328767123286
2025-01-07,60.24317808219178
2025-01-08,60.29402739726028
2025-01-09,60.34487671232877
2025-01-10,60.39572602739726
2025-01-11,60.446575342465756
2025-01-12,60.49742465753425
2025-01-13,60.54827397260274
2025-01-14,60.59912328767123
2025-01-15,60.64997260273973
2025-01-16,60.70082191780822
2025-01-17,60.75167123287672
2025-01-18,60.80252054794521
2025-01-19,60.853369863013704
2025-01-20,60.904219178082194
2025-01-21,60.95506849315069
2025-01-22,61.00591780821918
2025-01-23,61.05676712328767
2025-01-24,61.10761643835617
2025-01-25,61.158465753424665
2025-01-26,61.209315068493154
2025-01-27,61.260164383561644
2025-01-28,61.31101369863014
2025-01-29,61.36186301369863
2025-01-30,61.41271232876713
2025-01-31,61.46356164383562
2025-02-01,61.514410958904115
2025-02-02,61.565260273972605
2025-02-03,61.6161095890411
2025-02-04,61.66695890410959
2025-02-05,61.71780821917808
2025-02-06,61.76865753424658
2025-02-07,61.819506849315076
2025-02-08,61.870356164383566
2025-02-09,61.921205479452055
2025-02-10,61.97205479452055
2025-02-11,62.02290410958904
2025-02-12,62.07375342465754
2025-02-13,62.12460273972603
2025-02-14,62.175452054794526
2025-02-15,62.226301369863016
2025-02-16,62.27715068493151
2025-02-17,62.328
2025-02-18,62.37884931506849
2025-02-19,62.42969863013699
2025-02-20,62.48054794520549
2025-02-21,62.53139726027398
2025-02-22,62.58224657534247
2025-02-23,62.633095890410964
2025-02-24,62.68394520547945
2025-02-25,62.73479452054795
2025-02-26,62.78564383561644
2025-02-27,62.83649315068494
2025-02-28,62.88734246575343
2025-03-01,62.938191780821924
2025-03-02,62.989041095890414
2025-03-03,63.039890410958904
2025-03-04,63.0907397260274
2025-03-05,63.1415890410959
2025-03-06,63.19243835616439
2025-03-07,63.24328767123288
2025-03-08,63.294136986301375
2025-03-09,63.344986301369865
2025-03-10,63.39583561643836
2025-03-11,63.44668493150685
2025-03-12,63.49753424657534
2025-03-13,63.54838356164384
2025-03-14,63.599232876712335
2025-03-15,63.650082191780825
2025-03-16,63.700931506849315
2025-03-17,63.75178082191781
2025-03-18,63.80263013698631
2025-03-19,63.8534794520548
2025-03-20,63.90432876712329
2025-03-21,63.955178082191786
2025-03-22,64.00602739726028
2025-03-23,64.05687671232877
2025-03-24,64.10772602739726
2025-03-25,64.15857534246575
2025-03-26,64.20942465753424
2025-03-27,64.26027397260275
2025-03-28,64.31112328767124
2025-03-29,64.36197260273973
2025-03-30,64.41282191780823
2025-03-31,64.46367123287672
2025-04-01,64.51452054794521
2025-04-02,64.5653698630137
2025-04-03,64.61621917808219
2025-04-04,64.6670684931507
2025-04-05,64.71791780821918
2025-04-06,64.76876712328767
2025-04-07,64.81961643835616
2025-04-08,64.87046575342467
2025-04-09,64.92131506849316
2025-04-10,64.97216438356165
2025-04-11,65.02301369863014
2025-04-12,65.07386301369863
2025-04-13,65.12471232876713
2025-04-14,65.17556164383562
2025-04-15,65.22641095890411
2025-04-16,65.27726027397262
2025-04-17,65.3281095890411
2025-04-18,65.3789589041096
2025-04-19,65.42980821917808
2025-04-20,65.48065753424657
2025-04-21,65.53150684931506
2025-04-22,65.58235616438357
2025-04-23,65.63320547945206
2025-04-24,65.68405479452055
2025-04-25,65.73490410958905
2025-04-26,65.78575342465754
2025-04-27,65.83660273972603
2025-04-28,65.88745205479452
2025-04-29,65.93830136986301
2025-04-30,65.98915068493152
2025-05-01,66.04
